filename,width,height,class,xmin,ymin,xmax,ymax
face-695.jpg,268,311,Face,54,56,222,262
face-816.jpg,272,323,Face,47,74,227,296
face-678.jpg,284,320,Face,60,57,232,281
face-754.jpg,286,320,Face,50,64,232,288
face-191.jpg,487,322,Face,151,47,337,284
face-199.jpg,565,373,Face,126,63,315,320
face-388.jpg,501,331,Face,241,57,426,288
face-394.jpg,481,317,Face,151,60,333,268
face-306.jpg,474,313,Face,146,46,327,272
face-390.jpg,569,376,Face,124,68,325,335
face-531.jpg,271,319,Face,45,65,234,292
face-282.jpg,563,372,Face,267,70,447,312
face-786.jpg,382,252,Face,69,52,227,240
face-3.jpg,468,309,Face,194,67,375,272
face-10.jpg,501,331,Face,236,40,400,275
face-576.jpg,252,337,Face,41,53,224,296
face-329.jpg,481,317,Face,134,42,328,286
face-587.jpg,285,369,Face,39,72,237,328
face-435.jpg,467,308,Face,141,74,308,283
face-63.jpg,685,452,Face,248,112,429,317
face-289.jpg,466,308,Face,64,50,235,279
face-353.jpg,482,318,Face,147,72,327,282
face-426.jpg,501,331,Face,155,47,342,282
face-92.jpg,484,320,Face,127,89,280,301
face-694.jpg,282,318,Face,52,56,224,279
face-702.jpg,297,345,Face,47,80,247,312
face-518.jpg,249,293,Face,36,45,226,256
face-495.jpg,267,290,Face,48,55,222,259
face-743.jpg,268,302,Face,46,61,227,265
face-840.jpg,284,379,Face,43,68,236,315
face-685.jpg,275,328,Face,46,70,231,283
face-572.jpg,264,289,Face,55,56,222,262
face-221.jpg,481,318,Face,142,18,327,260
face-90.jpg,465,307,Face,137,52,323,261
face-813.jpg,248,295,Face,41,56,216,278
face-862.jpg,260,315,Face,36,53,220,263
face-386.jpg,530,350,Face,270,74,467,307
face-465.jpg,286,323,Face,54,71,230,285
face-334.jpg,454,300,Face,139,57,316,263
face-458.jpg,270,285,Face,54,53,212,256
face-172.jpg,506,334,Face,197,36,386,296
face-122.jpg,501,331,Face,87,65,279,291
face-782.jpg,267,281,Face,44,42,222,251
face-551.jpg,275,283,Face,49,55,224,266
face-297.jpg,489,323,Face,154,50,337,283
face-315.jpg,484,320,Face,198,56,376,285
face-800.jpg,280,380,Face,44,70,232,327
face-326.jpg,454,299,Face,140,69,321,276
face-397.jpg,535,353,Face,239,48,431,300
face-706.jpg,269,301,Face,51,37,217,257
face-789.jpg,258,320,Face,36,84,215,291
face-103.jpg,501,331,Face,246,37,430,286
face-5.jpg,447,295,Face,42,45,234,286
face-696.jpg,251,302,Face,45,39,218,268
face-240.jpg,468,309,Face,153,35,340,268
face-444.jpg,293,367,Face,51,66,238,319
face-497.jpg,270,302,Face,50,65,220,265
face-70.jpg,492,325,Face,87,80,268,301
face-715.jpg,256,313,Face,41,60,223,274
face-752.jpg,250,308,Face,50,61,216,269
face-819.jpg,281,331,Face,58,72,226,289
face-30.jpg,615,406,Face,266,82,462,331
face-511.jpg,270,304,Face,44,38,222,266
face-865.jpg,259,358,Face,39,65,226,304
face-674.jpg,290,319,Face,60,67,239,287
face-589.jpg,284,326,Face,46,81,233,304
face-108.jpg,534,352,Face,258,44,437,277
face-599.jpg,273,298,Face,41,44,228,272
face-167.jpg,652,430,Face,97,64,298,320
face-608.jpg,285,318,Face,54,54,235,286
face-836.jpg,290,312,Face,48,58,232,276
face-163.jpg,471,311,Face,157,48,317,252
face-408.jpg,552,364,Face,90,93,274,311
face-756.jpg,431,284,Face,218,46,384,256
face-115.jpg,569,376,Face,82,55,275,319
face-575.jpg,276,297,Face,52,69,220,269
face-15.jpg,606,400,Face,213,62,398,331
face-352.jpg,495,327,Face,247,75,432,295
face-60.jpg,456,301,Face,146,34,318,257
face-9.jpg,465,307,Face,147,64,323,261
face-657.jpg,296,343,Face,45,61,246,309
face-318.jpg,495,327,Face,161,43,341,284
face-784.jpg,265,301,Face,58,48,222,256
face-692.jpg,287,294,Face,51,43,226,262
face-684.jpg,280,311,Face,44,64,225,266
face-271.jpg,510,337,Face,68,21,253,298
face-300.jpg,433,286,Face,195,57,371,259
face-491.jpg,275,335,Face,41,54,236,301
face-545.jpg,272,313,Face,45,67,235,274
face-429.jpg,416,275,Face,128,39,282,239
face-762.jpg,281,361,Face,44,66,229,294
face-208.jpg,463,306,Face,144,19,328,255
face-398.jpg,458,302,Face,210,55,375,268
face-443.jpg,279,318,Face,57,57,226,285
face-509.jpg,293,327,Face,50,50,244,292
face-377.jpg,487,322,Face,140,23,338,277
face-155.jpg,519,343,Face,162,33,355,317
face-237.jpg,479,316,Face,92,65,270,281
face-508.jpg,257,317,Face,37,40,221,284
face-761.jpg,258,317,Face,44,66,220,287
face-344.jpg,448,296,Face,183,57,350,280
face-626.jpg,273,326,Face,37,68,231,291
face-586.jpg,270,298,Face,54,83,227,277
face-350.jpg,598,395,Face,203,94,389,330
face-4.jpg,474,313,Face,202,76,365,290
face-211.jpg,471,311,Face,144,29,322,277
face-162.jpg,492,325,Face,209,34,402,284
face-358.jpg,466,308,Face,143,52,324,261
face-661.jpg,255,345,Face,48,69,220,299
face-205.jpg,494,326,Face,211,48,390,298
face-841.jpg,287,335,Face,50,84,229,292
face-647.jpg,256,328,Face,36,53,223,294
face-799.jpg,270,292,Face,34,40,213,261
face-667.jpg,271,341,Face,39,56,229,292
face-341.jpg,467,308,Face,146,73,330,276
face-803.jpg,286,307,Face,54,43,227,270
face-864.jpg,285,371,Face,40,67,231,306
face-450.jpg,267,303,Face,55,48,233,277
face-305.jpg,481,317,Face,153,25,333,269
face-765.jpg,252,312,Face,35,48,200,275
face-281.jpg,578,382,Face,245,64,430,336
face-557.jpg,261,322,Face,42,86,222,290
face-150.jpg,513,339,Face,250,33,436,305
face-216.jpg,508,335,Face,210,43,393,295
face-698.jpg,294,380,Face,47,76,249,330
face-14.jpg,489,323,Face,94,11,289,279
face-859.jpg,269,306,Face,49,66,226,269
face-853.jpg,270,329,Face,51,78,224,289
face-753.jpg,273,285,Face,56,64,224,267
face-469.jpg,279,301,Face,52,69,234,275
face-640.jpg,277,303,Face,52,41,232,272
face-319.jpg,456,301,Face,67,49,229,255
face-179.jpg,461,304,Face,95,12,272,242
face-119.jpg,431,285,Face,127,33,289,257
face-593.jpg,270,305,Face,48,60,220,261
face-802.jpg,271,311,Face,45,60,231,279
face-629.jpg,276,343,Face,48,62,223,303
face-58.jpg,542,358,Face,240,68,432,307
face-653.jpg,272,339,Face,43,55,234,301
face-861.jpg,267,308,Face,49,54,226,259
face-527.jpg,281,345,Face,40,63,241,308
face-454.jpg,270,319,Face,46,67,225,293
face-272.jpg,548,362,Face,182,27,372,309
face-543.jpg,268,288,Face,48,67,217,275
face-734.jpg,285,321,Face,55,57,240,292
face-600.jpg,263,324,Face,42,75,224,284
face-159.jpg,445,294,Face,136,78,314,293
face-669.jpg,271,323,Face,49,58,218,289
face-425.jpg,502,332,Face,165,72,345,287
face-453.jpg,274,298,Face,53,67,219,273
face-206.jpg,556,367,Face,270,36,477,294
face-127.jpg,513,339,Face,156,39,349,297
face-140.jpg,506,334,Face,216,31,408,286
face-268.jpg,502,332,Face,234,77,420,312
face-471.jpg,269,306,Face,46,54,223,268
face-532.jpg,285,361,Face,55,73,236,311
face-416.jpg,441,291,Face,211,52,384,260
face-382.jpg,495,327,Face,155,36,333,272
face-747.jpg,266,310,Face,51,54,227,257
face-755.jpg,270,319,Face,45,51,225,274
face-214.jpg,459,303,Face,198,52,370,286
face-534.jpg,279,365,Face,27,62,235,330
face-644.jpg,290,345,Face,50,57,243,299
face-577.jpg,300,324,Face,48,64,245,299
face-638.jpg,286,369,Face,48,75,239,316
face-254.jpg,508,335,Face,98,47,269,271
face-704.jpg,290,334,Face,51,81,242,299
face-767.jpg,278,300,Face,54,51,236,275
face-677.jpg,299,378,Face,49,75,246,319
face-707.jpg,266,296,Face,61,51,221,247
face-771.jpg,268,300,Face,60,58,222,263
face-139.jpg,479,316,Face,76,19,259,287
face-590.jpg,280,311,Face,61,64,233,273
face-182.jpg,471,311,Face,139,15,327,281
face-620.jpg,267,308,Face,48,40,231,279
face-164.jpg,452,299,Face,162,52,342,275
face-760.jpg,252,331,Face,41,70,225,295
face-680.jpg,281,311,Face,52,49,233,280
face-455.jpg,284,340,Face,59,63,236,293
face-28.jpg,492,325,Face,152,33,335,294
face-317.jpg,477,315,Face,214,34,393,273
face-828.jpg,271,316,Face,40,64,229,269
face-365.jpg,574,379,Face,198,64,399,313
face-612.jpg,265,366,Face,39,81,229,324
face-770.jpg,272,305,Face,40,58,221,269
face-320.jpg,417,275,Face,181,90,340,249
face-664.jpg,247,281,Face,41,29,212,258
face-559.jpg,293,348,Face,57,71,239,306
face-333.jpg,451,298,Face,176,50,351,270
face-421.jpg,501,331,Face,221,67,400,288
face-116.jpg,542,358,Face,249,28,434,286
face-791.jpg,274,336,Face,52,65,220,284
face-659.jpg,291,347,Face,55,75,236,312
face-364.jpg,532,351,Face,174,77,357,304
face-687.jpg,296,355,Face,47,74,245,310
face-740.jpg,279,308,Face,53,54,228,275
face-130.jpg,513,339,Face,236,18,424,295
face-356.jpg,473,313,Face,215,75,380,267
face-646.jpg,265,360,Face,39,72,224,315
face-540.jpg,258,289,Face,40,45,218,286
face-869.jpg,277,343,Face,32,56,230,299
face-248.jpg,473,312,Face,205,52,391,287
face-546.jpg,268,289,Face,50,60,230,263
face-385.jpg,455,300,Face,197,49,381,281
face-728.jpg,266,282,Face,51,51,206,244
face-50.jpg,522,345,Face,247,47,446,305
face-615.jpg,256,326,Face,49,59,220,272
face-611.jpg,293,341,Face,42,58,240,309
face-288.jpg,552,365,Face,190,60,377,312
face-99.jpg,458,303,Face,198,68,361,271
face-483.jpg,269,358,Face,34,61,231,300
face-578.jpg,275,338,Face,33,56,240,318
face-428.jpg,536,354,Face,182,64,364,309
face-44.jpg,536,354,Face,237,60,420,283
face-144.jpg,470,310,Face,145,25,337,274
face-797.jpg,273,319,Face,47,75,231,288
face-663.jpg,264,285,Face,42,50,229,259
face-6.jpg,558,369,Face,190,53,372,295
face-284.jpg,481,317,Face,145,49,329,266
face-331.jpg,431,284,Face,137,44,299,246
face-296.jpg,476,314,Face,154,38,330,274
face-355.jpg,499,329,Face,84,53,268,289
face-1.jpg,484,320,Face,160,42,324,266
face-503.jpg,280,289,Face,55,46,220,259
face-21.jpg,528,349,Face,228,38,424,300
face-376.jpg,449,297,Face,208,46,382,256
face-656.jpg,281,348,Face,38,63,238,311
face-810.jpg,292,333,Face,42,63,244,302
face-530.jpg,269,303,Face,43,45,226,273
face-81.jpg,445,294,Face,136,47,302,244
face-717.jpg,289,326,Face,54,44,242,292
face-563.jpg,270,309,Face,40,38,227,281
face-484.jpg,266,300,Face,44,41,227,278
face-565.jpg,274,332,Face,48,62,236,305
face-183.jpg,504,333,Face,265,41,444,291
face-387.jpg,590,390,Face,148,53,347,292
face-125.jpg,471,311,Face,134,34,328,280
face-710.jpg,290,330,Face,53,82,237,293
face-561.jpg,269,315,Face,57,49,217,256
face-460.jpg,256,333,Face,40,66,222,295
face-711.jpg,293,352,Face,48,56,240,307
face-801.jpg,282,307,Face,55,48,232,277
face-121.jpg,456,301,Face,196,10,382,270
face-719.jpg,254,322,Face,19,42,219,286
face-757.jpg,283,332,Face,49,34,218,289
face-176.jpg,462,305,Face,73,23,244,266
face-660.jpg,277,301,Face,48,37,227,269
face-145.jpg,467,308,Face,140,52,338,287
face-420.jpg,473,312,Face,103,81,279,298
face-650.jpg,267,276,Face,46,40,200,243
face-496.jpg,293,371,Face,48,78,244,327
face-658.jpg,271,308,Face,44,52,222,272
face-751.jpg,286,331,Face,53,60,236,298
face-585.jpg,263,283,Face,44,49,225,260
face-566.jpg,254,316,Face,43,69,222,294
face-363.jpg,484,320,Face,147,61,327,266
face-525.jpg,255,312,Face,36,56,214,283
face-311.jpg,499,329,Face,207,88,392,306
face-773.jpg,274,329,Face,48,74,227,290
face-136.jpg,619,409,Face,290,85,476,335
face-142.jpg,526,347,Face,212,25,407,303
face-27.jpg,574,379,Face,100,53,296,315
face-174.jpg,466,308,Face,215,55,397,286
face-229.jpg,642,424,Face,234,64,433,357
face-257.jpg,435,287,Face,138,38,292,236
face-584.jpg,288,313,Face,51,42,232,283
face-592.jpg,263,332,Face,35,92,221,302
face-818.jpg,286,348,Face,50,85,239,307
face-32.jpg,610,403,Face,212,62,414,336
face-548.jpg,257,333,Face,34,85,223,300
face-218.jpg,511,338,Face,163,27,360,318
face-25.jpg,477,315,Face,164,41,322,255
face-273.jpg,461,304,Face,148,34,311,256
face-133.jpg,528,349,Face,158,25,364,296
face-481.jpg,264,301,Face,62,47,216,254
face-854.jpg,272,326,Face,54,69,238,294
face-860.jpg,268,294,Face,40,62,210,273
face-451.jpg,276,308,Face,45,48,230,275
face-493.jpg,292,328,Face,49,70,235,288
face-609.jpg,262,275,Face,54,45,210,238
face-75.jpg,456,301,Face,60,52,239,268
face-732.jpg,287,377,Face,48,63,237,297
face-737.jpg,269,319,Face,49,63,222,282
face-502.jpg,261,376,Face,29,62,231,329
face-185.jpg,443,292,Face,130,33,295,247
face-324.jpg,522,345,Face,168,65,357,319
face-748.jpg,257,343,Face,31,81,225,307
face-724.jpg,276,298,Face,54,58,230,266
face-439.jpg,281,316,Face,62,55,228,275
face-97.jpg,481,318,Face,205,81,383,285
face-209.jpg,492,325,Face,92,62,285,302
face-266.jpg,487,322,Face,155,54,342,276
face-34.jpg,436,288,Face,156,61,315,261
face-514.jpg,268,300,Face,46,43,215,281
face-539.jpg,263,292,Face,45,59,215,279
face-705.jpg,255,285,Face,55,52,219,252
face-515.jpg,284,301,Face,50,45,228,274
face-708.jpg,271,304,Face,40,59,223,266
face-721.jpg,255,326,Face,33,64,210,283
face-279.jpg,437,289,Face,73,33,235,247
face-666.jpg,255,334,Face,36,63,220,304
face-722.jpg,267,305,Face,49,59,221,273
face-642.jpg,279,303,Face,67,67,224,258
face-691.jpg,275,333,Face,44,73,224,281
face-236.jpg,522,345,Face,179,35,361,301
face-834.jpg,267,237,Face,48,50,215,204
face-504.jpg,271,295,Face,44,41,221,272
face-474.jpg,279,300,Face,46,75,225,288
face-417.jpg,465,307,Face,155,50,328,266
face-105.jpg,563,372,Face,250,65,425,329
face-602.jpg,266,308,Face,49,62,218,269
face-307.jpg,633,418,Face,219,72,413,331
face-2.jpg,473,313,Face,85,26,274,275
face-378.jpg,538,355,Face,80,51,279,307
face-414.jpg,464,306,Face,150,48,327,261
face-102.jpg,471,311,Face,199,26,369,254
face-523.jpg,276,318,Face,57,52,231,283
face-12.jpg,494,326,Face,215,42,401,283
face-528.jpg,286,353,Face,47,74,242,312
face-811.jpg,282,331,Face,55,56,237,293
face-804.jpg,276,354,Face,49,67,228,299
face-13.jpg,513,339,Face,161,25,348,293
face-242.jpg,623,412,Face,262,94,455,363
face-464.jpg,255,313,Face,45,72,220,280
face-294.jpg,550,363,Face,154,70,341,321
face-630.jpg,262,275,Face,49,43,207,243
face-52.jpg,484,320,Face,52,31,241,262
face-65.jpg,532,351,Face,66,69,249,298
face-476.jpg,281,331,Face,49,40,231,293
face-641.jpg,270,366,Face,35,77,236,315
face-544.jpg,283,334,Face,47,64,241,305
face-351.jpg,525,347,Face,175,77,361,302
face-349.jpg,530,350,Face,244,50,438,285
face-470.jpg,274,331,Face,38,62,225,304
face-826.jpg,271,306,Face,50,58,224,267
face-672.jpg,274,323,Face,46,57,230,287
face-336.jpg,495,327,Face,220,27,409,292
face-261.jpg,492,325,Face,211,35,388,273
face-863.jpg,270,314,Face,45,64,228,282
face-830.jpg,267,279,Face,48,46,220,256
face-149.jpg,513,339,Face,86,34,272,299
face-170.jpg,462,305,Face,105,50,285,279
face-769.jpg,273,335,Face,37,51,231,294
face-606.jpg,267,303,Face,48,45,228,265
face-633.jpg,259,319,Face,36,84,219,296
face-202.jpg,576,380,Face,75,67,297,331
face-845.jpg,283,371,Face,43,74,229,308
face-438.jpg,275,330,Face,40,62,210,290
face-688.jpg,299,371,Face,47,73,240,323
face-542.jpg,270,323,Face,44,70,221,304
face-423.jpg,495,327,Face,225,56,403,282
face-868.jpg,289,353,Face,46,56,234,293
face-792.jpg,260,296,Face,42,46,230,264
face-490.jpg,280,323,Face,48,49,224,283
face-204.jpg,569,376,Face,241,45,465,344
face-689.jpg,261,377,Face,25,73,220,323
face-83.jpg,456,301,Face,146,48,306,250
face-67.jpg,507,335,Face,229,60,409,295
face-156.jpg,499,329,Face,199,55,383,308
face-467.jpg,267,296,Face,49,63,217,270
face-636.jpg,270,320,Face,52,75,229,278
face-35.jpg,481,318,Face,221,61,403,270
face-866.jpg,281,366,Face,42,78,225,310
face-22.jpg,482,318,Face,143,36,332,284
face-457.jpg,267,297,Face,62,58,210,254
face-699.jpg,278,297,Face,57,70,219,263
face-348.jpg,510,337,Face,200,81,384,287
face-601.jpg,292,330,Face,50,69,246,295
face-11.jpg,461,304,Face,104,25,288,257
face-82.jpg,489,323,Face,204,48,380,281
face-249.jpg,494,326,Face,225,54,401,303
face-570.jpg,276,346,Face,45,68,226,309
face-494.jpg,279,311,Face,50,54,233,286
face-330.jpg,470,310,Face,237,80,424,274
face-362.jpg,489,323,Face,152,50,338,285
face-759.jpg,275,309,Face,52,66,224,274
face-106.jpg,441,291,Face,152,17,316,246
face-838.jpg,268,306,Face,49,58,229,264
face-798.jpg,281,320,Face,48,52,229,284
face-84.jpg,471,311,Face,208,50,396,268
face-513.jpg,277,310,Face,54,66,236,283
face-404.jpg,489,323,Face,212,66,394,268
face-596.jpg,267,284,Face,44,54,207,267
face-101.jpg,429,283,Face,136,23,295,236
face-232.jpg,606,400,Face,260,69,457,335
face-129.jpg,565,373,Face,109,56,288,314
face-598.jpg,252,318,Face,38,58,214,278
face-371.jpg,558,369,Face,183,47,376,313
face-138.jpg,462,305,Face,145,20,328,276
face-342.jpg,458,302,Face,206,77,389,269
face-96.jpg,501,331,Face,245,47,434,284
face-265.jpg,542,358,Face,166,40,370,313
face-775.jpg,272,308,Face,48,50,233,278
face-709.jpg,270,300,Face,43,50,228,263
face-224.jpg,528,349,Face,217,49,419,296
face-168.jpg,517,341,Face,156,64,340,295
face-274.jpg,449,297,Face,143,59,308,279
face-817.jpg,290,346,Face,51,50,232,299
face-196.jpg,578,382,Face,135,96,322,338
face-293.jpg,508,335,Face,222,40,400,297
face-48.jpg,552,364,Face,226,49,419,325
face-507.jpg,264,279,Face,51,49,219,267
face-239.jpg,447,295,Face,199,29,381,276
face-158.jpg,494,326,Face,82,60,262,279
face-520.jpg,275,329,Face,44,64,231,297
face-849.jpg,282,308,Face,55,77,231,279
face-512.jpg,287,321,Face,53,64,241,287
face-53.jpg,499,329,Face,159,74,338,287
face-310.jpg,528,349,Face,170,59,366,309
face-741.jpg,287,338,Face,53,62,234,289
face-806.jpg,274,327,Face,49,75,236,296
face-613.jpg,278,311,Face,51,66,229,284
face-38.jpg,525,347,Face,159,62,351,287
face-764.jpg,276,342,Face,43,85,235,303
face-487.jpg,282,319,Face,47,52,227,274
face-567.jpg,267,309,Face,47,62,226,287
face-154.jpg,517,341,Face,231,27,413,308
face-243.jpg,382,252,Face,65,46,233,243
face-617.jpg,287,322,Face,47,50,242,296
face-839.jpg,285,318,Face,46,64,233,290
face-114.jpg,513,339,Face,230,23,407,287
face-327.jpg,423,279,Face,132,64,299,269
face-424.jpg,431,284,Face,219,45,384,256
face-399.jpg,525,347,Face,171,55,361,305
face-343.jpg,588,388,Face,280,69,477,333
face-522.jpg,265,288,Face,50,45,202,252
face-448.jpg,274,344,Face,51,83,230,308
face-286.jpg,495,327,Face,159,55,345,274
face-69.jpg,688,455,Face,243,120,426,340
face-107.jpg,499,329,Face,93,38,257,273
face-369.jpg,473,313,Face,143,41,322,266
face-639.jpg,282,329,Face,51,66,230,301
face-473.jpg,256,305,Face,53,62,228,273
face-287.jpg,536,354,Face,92,50,282,307
face-480.jpg,267,342,Face,30,49,232,306
face-384.jpg,506,334,Face,77,72,261,305
face-8.jpg,628,415,Face,284,102,490,353
face-857.jpg,256,307,Face,35,58,215,273
face-478.jpg,266,349,Face,32,61,217,300
face-100.jpg,524,346,Face,220,14,385,289
face-758.jpg,271,332,Face,42,53,225,290
face-292.jpg,462,305,Face,160,56,319,262
face-556.jpg,264,284,Face,51,57,215,250
face-111.jpg,513,339,Face,89,35,274,280
face-683.jpg,288,327,Face,51,61,238,292
face-260.jpg,501,331,Face,233,36,414,285
face-729.jpg,277,291,Face,55,68,227,276
face-718.jpg,433,286,Face,196,48,359,257
face-223.jpg,598,395,Face,272,57,469,331
face-187.jpg,494,326,Face,160,50,336,266
face-128.jpg,576,380,Face,197,44,393,321
face-788.jpg,268,286,Face,48,59,213,261
face-322.jpg,479,316,Face,80,84,264,277
face-823.jpg,270,324,Face,48,65,227,265
face-314.jpg,468,309,Face,197,76,377,291
face-410.jpg,542,358,Face,133,75,323,310
face-328.jpg,471,311,Face,195,82,366,281
face-781.jpg,267,340,Face,40,74,209,298
face-238.jpg,522,345,Face,165,53,357,300
face-143.jpg,422,279,Face,116,7,298,257
face-541.jpg,267,296,Face,49,64,231,276
face-554.jpg,284,324,Face,43,40,230,279
face-61.jpg,490,324,Face,222,38,401,286
face-55.jpg,511,338,Face,51,47,233,295
face-381.jpg,502,332,Face,160,44,338,298
face-846.jpg,260,300,Face,38,68,217,266
face-790.jpg,265,288,Face,46,63,213,254
face-332.jpg,502,332,Face,154,54,342,296
face-820.jpg,286,327,Face,55,74,233,285
face-595.jpg,283,325,Face,59,70,239,289
face-244.jpg,484,320,Face,158,27,328,271
face-627.jpg,267,311,Face,46,68,226,274
face-555.jpg,250,301,Face,44,58,212,264
face-335.jpg,628,415,Face,178,125,366,355
face-24.jpg,506,334,Face,218,54,398,302
face-552.jpg,287,303,Face,49,54,238,284
face-169.jpg,515,340,Face,240,56,431,307
face-831.jpg,269,309,Face,42,55,207,275
face-727.jpg,259,340,Face,38,66,229,299
face-222.jpg,513,339,Face,159,35,345,280
face-582.jpg,263,287,Face,58,60,221,247
face-858.jpg,270,302,Face,44,52,230,267
face-459.jpg,268,313,Face,45,53,224,284
face-85.jpg,428,283,Face,123,54,299,262
face-304.jpg,595,393,Face,147,59,350,330
face-521.jpg,255,323,Face,45,61,217,284
face-359.jpg,482,318,Face,152,59,334,284
face-56.jpg,495,327,Face,224,64,392,274
face-652.jpg,286,333,Face,55,41,231,302
face-198.jpg,441,291,Face,181,58,354,276
face-723.jpg,289,350,Face,53,79,235,313
face-654.jpg,281,324,Face,50,69,231,289
face-77.jpg,513,339,Face,213,55,398,299
face-308.jpg,522,345,Face,163,55,369,303
face-366.jpg,481,318,Face,238,41,413,269
face-649.jpg,277,348,Face,42,53,234,302
face-79.jpg,504,333,Face,116,82,302,290
face-16.jpg,520,344,Face,53,54,245,298
face-835.jpg,264,331,Face,39,85,226,297
face-413.jpg,481,318,Face,144,53,328,278
face-827.jpg,288,380,Face,43,60,243,314
face-440.jpg,267,289,Face,49,57,207,252
face-256.jpg,466,308,Face,147,37,312,262
face-26.jpg,484,320,Face,243,39,420,286
face-498.jpg,280,312,Face,44,46,235,283
face-207.jpg,574,379,Face,259,66,447,326
face-637.jpg,257,296,Face,52,61,227,264
face-632.jpg,283,303,Face,53,80,227,271
face-338.jpg,528,349,Face,234,64,425,303
face-93.jpg,481,317,Face,153,47,323,275
face-536.jpg,288,349,Face,47,65,240,310
face-778.jpg,270,291,Face,51,52,211,254
face-117.jpg,470,310,Face,180,24,361,268
face-412.jpg,508,335,Face,215,61,387,271
face-245.jpg,445,294,Face,133,34,313,262
face-45.jpg,466,308,Face,144,38,311,250
face-418.jpg,458,302,Face,143,53,307,264
face-673.jpg,266,288,Face,57,46,230,260
face-393.jpg,489,323,Face,82,63,258,270
face-456.jpg,277,326,Face,49,49,238,297
face-628.jpg,289,338,Face,56,69,238,300
face-726.jpg,263,283,Face,56,62,214,243
face-662.jpg,282,314,Face,51,64,233,281
face-66.jpg,501,331,Face,209,69,398,284
face-192.jpg,474,313,Face,210,53,390,282
face-86.jpg,497,328,Face,90,74,270,291
face-475.jpg,268,311,Face,54,60,236,268
face-738.jpg,267,310,Face,53,45,230,268
face-517.jpg,269,330,Face,45,53,224,289
face-742.jpg,294,359,Face,53,77,237,295
face-219.jpg,489,323,Face,159,27,327,272
face-141.jpg,471,311,Face,148,39,322,280
face-62.jpg,528,349,Face,170,49,366,297
face-447.jpg,267,317,Face,42,38,217,279
face-419.jpg,589,389,Face,138,90,331,334
face-186.jpg,513,339,Face,165,58,348,290
face-78.jpg,550,363,Face,252,50,454,317
face-488.jpg,269,301,Face,42,42,232,264
face-645.jpg,286,320,Face,58,52,232,290
face-71.jpg,545,360,Face,175,72,369,312
face-430.jpg,494,326,Face,192,88,372,296
face-47.jpg,519,343,Face,164,65,354,301
face-850.jpg,275,356,Face,30,63,236,317
face-126.jpg,479,316,Face,224,34,395,277
face-822.jpg,290,349,Face,53,71,233,285
face-833.jpg,273,335,Face,52,60,234,294
face-427.jpg,443,292,Face,106,53,261,258
face-40.jpg,501,331,Face,160,68,341,295
face-252.jpg,522,345,Face,63,41,260,296
face-479.jpg,258,302,Face,33,38,218,272
face-124.jpg,444,293,Face,137,31,315,263
face-263.jpg,487,322,Face,204,60,371,278
face-519.jpg,268,315,Face,43,63,225,288
face-442.jpg,265,291,Face,68,46,216,243
face-482.jpg,278,307,Face,48,47,236,286
face-316.jpg,466,308,Face,155,50,331,252
face-731.jpg,249,298,Face,41,50,222,268
face-635.jpg,279,334,Face,55,82,226,305
face-299.jpg,502,332,Face,155,70,350,299
face-468.jpg,267,291,Face,49,62,225,264
face-194.jpg,468,309,Face,157,49,344,283
face-227.jpg,504,333,Face,248,26,438,290
face-113.jpg,532,351,Face,128,42,308,300
face-783.jpg,283,327,Face,53,39,237,292
face-537.jpg,263,351,Face,32,66,230,302
face-580.jpg,271,309,Face,46,69,230,283
face-486.jpg,250,324,Face,32,38,217,303
face-323.jpg,623,412,Face,212,90,415,333
face-409.jpg,504,333,Face,176,73,357,288
face-280.jpg,517,341,Face,218,75,398,309
face-87.jpg,484,320,Face,65,52,255,295
face-733.jpg,258,332,Face,28,61,224,296
face-812.jpg,287,305,Face,58,75,231,270
face-54.jpg,506,334,Face,201,38,392,299
face-33.jpg,522,345,Face,172,80,356,296
face-298.jpg,494,326,Face,64,65,249,280
face-361.jpg,489,323,Face,244,52,431,277
face-648.jpg,281,326,Face,46,49,234,288
face-631.jpg,417,275,Face,183,96,343,250
face-401.jpg,481,317,Face,72,51,231,277
face-165.jpg,506,334,Face,141,42,343,282
face-132.jpg,481,317,Face,102,21,281,285
face-477.jpg,273,325,Face,49,46,229,292
face-160.jpg,481,317,Face,151,50,328,276
face-739.jpg,282,367,Face,43,69,229,306
face-618.jpg,292,341,Face,46,46,255,306
face-506.jpg,288,359,Face,41,62,234,303
face-91.jpg,437,289,Face,128,54,286,252
face-829.jpg,283,313,Face,57,75,232,285
face-809.jpg,259,298,Face,42,73,213,282
face-312.jpg,506,334,Face,90,58,276,298
face-432.jpg,576,380,Face,269,84,463,313
face-201.jpg,501,331,Face,203,48,388,291
face-251.jpg,487,321,Face,212,24,392,286
face-772.jpg,276,328,Face,52,80,233,296
face-171.jpg,566,374,Face,220,83,440,333
face-569.jpg,268,306,Face,55,64,224,276
face-389.jpg,494,326,Face,76,55,256,299
face-57.jpg,517,341,Face,156,52,350,298
face-604.jpg,275,290,Face,62,58,227,257
face-643.jpg,282,325,Face,49,70,236,283
face-665.jpg,261,327,Face,32,55,229,301
face-235.jpg,487,322,Face,146,43,330,270
face-193.jpg,623,412,Face,258,91,466,388
face-64.jpg,610,403,Face,195,177,367,385
face-814.jpg,265,276,Face,47,75,222,270
face-780.jpg,292,376,Face,53,64,247,330
face-226.jpg,511,338,Face,162,47,356,282
face-43.jpg,532,351,Face,190,75,363,305
face-466.jpg,271,322,Face,49,65,235,282
face-403.jpg,518,342,Face,205,43,393,278
face-309.jpg,517,341,Face,238,68,420,291
face-851.jpg,272,323,Face,40,72,226,293
face-395.jpg,468,309,Face,151,45,345,278
face-796.jpg,286,314,Face,47,28,238,279
face-197.jpg,574,379,Face,188,42,388,326
face-501.jpg,295,376,Face,41,68,238,322
face-230.jpg,468,309,Face,184,25,368,264
face-180.jpg,479,316,Face,80,33,254,275
face-283.jpg,498,329,Face,87,68,271,287
face-396.jpg,555,367,Face,233,105,418,324
face-436.jpg,252,320,Face,37,64,222,290
face-212.jpg,499,329,Face,81,28,260,282
face-29.jpg,489,323,Face,102,37,281,272
face-651.jpg,280,311,Face,52,41,235,280
face-832.jpg,290,317,Face,55,71,235,284
face-485.jpg,274,299,Face,38,63,215,262
face-779.jpg,249,333,Face,43,60,217,287
face-19.jpg,498,329,Face,151,51,342,280
face-573.jpg,267,301,Face,58,58,223,271
face-807.jpg,275,316,Face,42,75,230,288
face-220.jpg,672,444,Face,237,98,424,337
face-76.jpg,522,345,Face,239,59,415,285
face-619.jpg,271,328,Face,31,47,232,288
face-614.jpg,267,308,Face,57,54,220,260
face-766.jpg,259,299,Face,41,72,220,282
face-588.jpg,267,292,Face,47,57,209,268
face-134.jpg,461,304,Face,149,16,323,261
face-31.jpg,494,326,Face,96,60,272,299
face-259.jpg,511,338,Face,175,55,354,292
face-682.jpg,257,320,Face,41,74,219,299
face-234.jpg,499,329,Face,154,40,346,291
face-492.jpg,266,305,Face,51,57,214,283
face-848.jpg,287,340,Face,52,67,238,295
face-634.jpg,275,324,Face,44,79,227,288
face-843.jpg,267,355,Face,48,77,227,306
face-562.jpg,257,315,Face,46,57,226,272
face-189.jpg,422,279,Face,141,71,312,246
face-161.jpg,526,347,Face,172,54,362,297
face-291.jpg,582,384,Face,203,71,392,318
face-267.jpg,538,355,Face,114,84,299,323
face-750.jpg,256,324,Face,41,67,210,274
face-422.jpg,444,293,Face,140,42,296,264
face-579.jpg,269,319,Face,49,64,232,278
face-776.jpg,288,322,Face,54,42,240,293
face-670.jpg,271,321,Face,40,44,234,291
face-607.jpg,284,344,Face,42,36,235,304
face-368.jpg,544,359,Face,184,74,365,301
face-131.jpg,456,301,Face,110,42,285,271
face-36.jpg,431,284,Face,148,67,314,251
face-622.jpg,279,308,Face,53,64,236,275
face-787.jpg,280,318,Face,54,52,219,288
face-148.jpg,518,342,Face,177,44,352,287
face-383.jpg,513,339,Face,234,38,414,277
face-668.jpg,274,345,Face,40,60,231,313
face-275.jpg,510,337,Face,234,34,425,281
face-679.jpg,268,317,Face,44,55,230,286
face-847.jpg,271,311,Face,38,38,227,276
face-262.jpg,511,338,Face,208,29,389,293
face-51.jpg,516,341,Face,200,46,391,288
face-373.jpg,485,321,Face,211,44,377,285
face-505.jpg,275,353,Face,41,56,231,312
face-616.jpg,288,319,Face,50,46,243,291
face-94.jpg,452,299,Face,107,67,275,269
face-7.jpg,522,345,Face,92,74,268,297
face-135.jpg,561,370,Face,113,35,308,302
face-157.jpg,464,306,Face,170,27,355,276
face-290.jpg,479,316,Face,186,40,374,274
face-441.jpg,266,299,Face,50,54,227,274
face-574.jpg,254,304,Face,35,49,219,274
face-725.jpg,269,308,Face,41,49,225,274
face-856.jpg,298,381,Face,49,75,244,327
face-594.jpg,272,319,Face,42,43,227,287
face-370.jpg,502,332,Face,165,66,349,273
face-153.jpg,489,323,Face,146,33,335,296
face-277.jpg,536,354,Face,223,67,405,304
face-258.jpg,524,346,Face,187,66,366,286
face-676.jpg,295,330,Face,48,71,242,299
face-95.jpg,538,355,Face,175,65,365,302
face-89.jpg,476,314,Face,151,60,320,277
face-671.jpg,293,352,Face,46,57,242,315
face-200.jpg,555,367,Face,257,53,457,301
face-41.jpg,567,375,Face,230,103,416,327
face-375.jpg,542,358,Face,187,64,378,305
face-73.jpg,555,367,Face,174,56,375,307
face-837.jpg,280,307,Face,56,76,233,278
face-379.jpg,451,298,Face,181,59,350,284
face-735.jpg,280,325,Face,48,51,231,294
face-867.jpg,266,271,Face,43,46,217,237
face-345.jpg,495,327,Face,160,68,335,283
face-80.jpg,456,301,Face,139,44,307,250
face-701.jpg,278,334,Face,42,65,233,294
face-437.jpg,279,290,Face,57,49,231,259
face-278.jpg,510,337,Face,254,32,441,296
face-18.jpg,484,320,Face,150,29,340,297
face-407.jpg,479,316,Face,155,65,335,269
face-624.jpg,258,343,Face,31,75,227,308
face-104.jpg,528,349,Face,254,45,436,301
face-591.jpg,288,325,Face,54,77,238,286
face-231.jpg,490,324,Face,154,29,329,268
face-195.jpg,561,370,Face,124,72,323,327
face-463.jpg,264,296,Face,65,59,220,258
face-411.jpg,535,353,Face,118,53,300,289
face-746.jpg,284,317,Face,51,61,233,282
face-253.jpg,456,301,Face,163,43,331,278
face-605.jpg,257,316,Face,39,73,217,292
face-295.jpg,561,370,Face,295,75,486,328
face-285.jpg,542,358,Face,259,60,458,319
face-147.jpg,499,329,Face,217,31,395,276
face-547.jpg,281,325,Face,50,88,236,296
face-367.jpg,582,384,Face,125,90,306,335
face-325.jpg,494,326,Face,153,72,332,290
face-768.jpg,265,294,Face,58,70,221,250
face-374.jpg,534,352,Face,245,37,444,297
face-321.jpg,623,412,Face,220,86,425,335
face-516.jpg,270,359,Face,49,63,234,325
face-821.jpg,263,272,Face,58,41,218,240
face-137.jpg,465,307,Face,54,5,249,290
face-181.jpg,528,349,Face,128,4,312,265
face-763.jpg,269,316,Face,49,55,218,276
face-553.jpg,287,367,Face,51,72,236,288
face-794.jpg,282,316,Face,60,55,229,284
face-301.jpg,474,313,Face,228,60,401,286
face-461.jpg,264,287,Face,52,51,212,247
face-870.jpg,276,336,Face,39,70,235,301
face-842.jpg,270,313,Face,45,63,220,269
face-269.jpg,509,336,Face,167,74,344,304
face-431.jpg,429,284,Face,140,52,299,241
face-225.jpg,679,448,Face,240,83,429,349
face-433.jpg,492,325,Face,80,54,256,282
face-88.jpg,520,344,Face,164,63,352,297
face-597.jpg,281,335,Face,47,48,231,299
face-276.jpg,481,317,Face,153,33,337,269
face-175.jpg,490,324,Face,159,38,328,265
face-109.jpg,532,351,Face,182,39,355,288
face-166.jpg,479,316,Face,144,37,347,274
face-37.jpg,525,347,Face,217,61,408,302
face-500.jpg,277,309,Face,40,75,235,300
face-558.jpg,281,316,Face,50,83,223,287
face-655.jpg,283,325,Face,54,68,235,288
face-489.jpg,271,321,Face,45,45,232,293
face-472.jpg,289,329,Face,52,85,240,296
face-118.jpg,520,344,Face,179,41,349,284
face-177.jpg,455,300,Face,139,20,322,282
face-49.jpg,504,333,Face,154,61,351,290
face-354.jpg,476,314,Face,189,50,373,278
face-852.jpg,277,309,Face,45,57,227,262
face-190.jpg,468,309,Face,96,70,275,304
face-716.jpg,255,311,Face,40,63,216,259
face-693.jpg,263,319,Face,37,49,223,287
face-250.jpg,431,284,Face,174,8,352,257
face-188.jpg,545,360,Face,178,47,373,309
face-844.jpg,292,354,Face,48,68,234,295
face-264.jpg,456,301,Face,151,44,323,252
face-42.jpg,536,354,Face,185,64,363,303
face-217.jpg,633,418,Face,281,78,485,351
face-700.jpg,261,292,Face,36,57,206,260
face-603.jpg,289,332,Face,46,55,243,298
face-681.jpg,279,347,Face,40,83,237,324
face-400.jpg,518,342,Face,176,65,361,284
face-703.jpg,267,300,Face,51,61,227,272
face-68.jpg,548,362,Face,272,52,476,314
face-446.jpg,252,307,Face,39,39,211,278
face-697.jpg,261,261,Face,49,36,212,235
face-173.jpg,492,325,Face,158,46,339,283
face-17.jpg,435,287,Face,127,30,303,253
face-550.jpg,279,358,Face,47,63,224,301
face-744.jpg,274,322,Face,42,55,229,286
face-538.jpg,269,302,Face,43,58,227,265
face-713.jpg,255,323,Face,43,61,223,290
face-415.jpg,458,303,Face,150,51,301,256
face-337.jpg,440,290,Face,202,69,362,252
face-72.jpg,506,334,Face,206,67,387,305
face-568.jpg,264,284,Face,43,50,207,253
face-571.jpg,268,284,Face,45,42,220,255
face-452.jpg,284,329,Face,49,57,242,293
face-392.jpg,477,315,Face,101,61,275,275
face-270.jpg,578,382,Face,200,44,402,325
face-434.jpg,471,311,Face,158,64,316,269
face-690.jpg,259,305,Face,48,72,203,270
face-347.jpg,473,313,Face,146,54,316,256
face-184.jpg,501,331,Face,204,22,385,289
face-621.jpg,266,292,Face,38,35,225,262
face-815.jpg,270,309,Face,42,51,233,272
face-510.jpg,264,283,Face,41,40,218,257
face-302.jpg,497,328,Face,192,44,380,296
face-340.jpg,519,343,Face,115,95,300,304
face-74.jpg,513,339,Face,141,40,349,290
face-357.jpg,461,304,Face,144,48,318,253
face-213.jpg,456,301,Face,135,40,309,266
face-313.jpg,606,400,Face,205,75,397,333
face-745.jpg,273,341,Face,39,62,233,309
face-462.jpg,251,300,Face,36,63,213,275
face-524.jpg,270,308,Face,45,54,224,282
face-529.jpg,277,299,Face,60,64,220,264
face-583.jpg,272,306,Face,54,70,229,280
face-686.jpg,261,349,Face,44,80,222,296
face-825.jpg,269,310,Face,49,50,213,267
face-730.jpg,254,324,Face,40,38,224,272
face-855.jpg,253,310,Face,46,56,219,280
face-210.jpg,489,323,Face,153,51,334,271
face-339.jpg,534,352,Face,253,89,432,312
face-736.jpg,272,317,Face,45,65,226,277
face-39.jpg,567,375,Face,255,68,453,323
face-120.jpg,708,468,Face,269,90,466,337
face-146.jpg,447,295,Face,137,29,322,242
face-581.jpg,279,295,Face,48,63,236,281
face-774.jpg,278,350,Face,41,63,230,307
face-380.jpg,536,354,Face,183,57,372,300
face-824.jpg,269,297,Face,56,70,216,264
face-406.jpg,485,321,Face,195,56,368,287
face-98.jpg,426,281,Face,138,39,317,254
face-535.jpg,281,292,Face,51,61,233,271
face-178.jpg,418,276,Face,113,20,291,241
face-151.jpg,489,323,Face,150,34,336,291
face-610.jpg,279,287,Face,60,35,230,258
face-255.jpg,610,403,Face,286,84,481,350
face-123.jpg,431,284,Face,52,13,220,251
face-246.jpg,556,367,Face,261,43,447,304
face-346.jpg,492,325,Face,169,57,348,291
face-805.jpg,269,325,Face,43,63,224,296
face-549.jpg,274,326,Face,41,69,230,299
face-110.jpg,476,314,Face,78,44,253,277
face-215.jpg,436,288,Face,139,23,309,246
face-795.jpg,295,367,Face,52,64,241,298
face-372.jpg,546,360,Face,175,68,382,308
face-402.jpg,473,313,Face,147,51,332,275
face-526.jpg,269,323,Face,52,58,229,286
face-233.jpg,444,293,Face,105,42,274,288
face-23.jpg,559,369,Face,189,49,376,323
face-777.jpg,276,358,Face,46,79,227,305
face-405.jpg,516,341,Face,244,84,435,286
face-533.jpg,273,284,Face,43,23,234,257
face-152.jpg,544,359,Face,94,39,279,311
face-241.jpg,548,362,Face,97,55,291,299
face-714.jpg,279,298,Face,49,60,222,262
face-203.jpg,490,324,Face,149,53,333,270
face-793.jpg,283,319,Face,55,69,238,282
face-675.jpg,251,274,Face,46,54,212,248
face-499.jpg,283,332,Face,50,72,235,304
face-625.jpg,264,295,Face,52,102,224,264
face-808.jpg,273,344,Face,41,63,231,301
face-228.jpg,461,304,Face,73,53,257,281
face-560.jpg,273,316,Face,52,70,224,285
face-749.jpg,298,367,Face,54,76,243,303
face-59.jpg,482,318,Face,225,54,407,295
face-720.jpg,256,323,Face,42,66,224,291
face-391.jpg,583,385,Face,262,104,447,343
face-712.jpg,257,283,Face,46,45,215,238
face-303.jpg,578,382,Face,254,37,460,314
face-623.jpg,267,259,Face,54,52,210,226
face-449.jpg,279,327,Face,50,62,234,296
face-46.jpg,461,304,Face,150,57,308,255
face-360.jpg,479,316,Face,84,58,258,278
face-785.jpg,254,295,Face,38,62,216,268
face-112.jpg,440,290,Face,134,24,304,256
face-564.jpg,280,328,Face,46,49,228,303
face-445.jpg,273,322,Face,45,57,224,268
face-247.jpg,455,300,Face,60,40,236,272
face-20.jpg,440,290,Face,135,46,304,250
